"","RNA_name","Gene","source","target","value","group","tRF_family"
"211","tRF-17-078SUXJ","CHRNB2",20,43,1,"tRF","Mitochondrial_Met_3'-tRF"
"290","tRF-17-09Z51UJ","IL6ST",17,56,1,"tRF","Mitochondrial_Lys_3'-tRF"
"331","tRF-17-09Z51UJ","NR1D2",17,90,1,"tRF","Mitochondrial_Lys_3'-tRF"
"387","tRF-17-09Z51UJ","NTRK2",17,53,1,"tRF","Mitochondrial_Lys_3'-tRF"
"472","tRF-17-09Z51UJ","SRSF6",17,72,1,"tRF","Mitochondrial_Lys_3'-tRF"
"482","tRF-17-09Z51UJ","CHRNA10",17,45,1,"tRF","Mitochondrial_Lys_3'-tRF"
"1587","tRF-17-7ZP33XJ","CLOCK",0,91,1,"tRF","Mitochondrial_Ala_3'-tRF"
"1608","tRF-17-7ZP33XJ","CHRNA3",0,46,1,"tRF","Mitochondrial_Ala_3'-tRF"
"1689","tRF-17-7ZP33XJ","STAT5B",0,68,1,"tRF","Mitochondrial_Ala_3'-tRF"
"1759","tRF-17-7ZP33XJ","ISL1",0,64,1,"tRF","Mitochondrial_Ala_3'-tRF"
"1843","tRF-17-7ZP33XJ","NR1D2",0,90,1,"tRF","Mitochondrial_Ala_3'-tRF"
"1919","tRF-17-7ZP33XJ","LHX8",0,63,1,"tRF","Mitochondrial_Ala_3'-tRF"
"4018","tRF-17-P2PSSEK","CHRNA4",16,47,1,"tRF","Mitochondrial_Leu_i-tRF"
"4595","tRF-17-S7PVRSJ","CHRM1",35,48,1,"tRF","Nuclear_Arg_3'-tRF"
"4687","tRF-17-S7PVRSJ","IL6R",35,55,1,"tRF","Nuclear_Arg_3'-tRF"
"4710","tRF-17-S7PVRSJ","RORB",35,94,1,"tRF","Nuclear_Arg_3'-tRF"
"5038","tRF-17-VNZDBQ5","SRSF1",6,75,1,"tRF","Mitochondrial_Gly_i-tRF"
"5074","tRF-17-VNZDBQ5","LIFR",6,54,1,"tRF","Mitochondrial_Gly_i-tRF"
"5098","tRF-17-VNZDBQ5","RORA",6,88,1,"tRF","Mitochondrial_Gly_i-tRF"
"5157","tRF-17-VNZDBQ5","BMPR2",6,81,1,"tRF","Mitochondrial_Gly_i-tRF"
"5299","tRF-17-VNZDBQ5","DYRK1A",6,96,1,"tRF","Mitochondrial_Gly_i-tRF"
"5315","tRF-17-VNZDBQ5","IL6ST",6,56,1,"tRF","Mitochondrial_Gly_i-tRF"
"5316","tRF-17-VNZDBQ5","SRSF12",6,71,1,"tRF","Mitochondrial_Gly_i-tRF"
"7324","tRF-18-IRY7ZZDV","SRSF10",37,74,1,"tRF","Nuclear_Ser_3'-tRF"
"7331","tRF-18-IRY7ZZDV","SLC5A7",37,38,1,"tRF","Nuclear_Ser_3'-tRF"
"7372","tRF-18-IRY7ZZDV","RORA",37,88,1,"tRF","Nuclear_Ser_3'-tRF"
"7396","tRF-18-IRY7ZZDV","SRSF2",37,76,1,"tRF","Nuclear_Ser_3'-tRF"
"7518","tRF-18-IRY7ZZDV","CHRM2",37,44,1,"tRF","Nuclear_Ser_3'-tRF"
"8268","tRF-19-0M0RHBFV","CHRM3",21,49,1,"tRF","Mitochondrial_Phe_3'-tRF"
"12391","tRF-20-BQ8BB2S1","NR1D2",4,90,1,"tRF","Mitochondrial_Gly_3'-tRF"
"12452","tRF-20-BQ8BB2S1","SRSF7",4,73,1,"tRF","Mitochondrial_Gly_3'-tRF"
"12471","tRF-20-BQ8BB2S1","RORA",4,88,1,"tRF","Mitochondrial_Gly_3'-tRF"
"12618","tRF-20-BQ8BB2S1","BMP2K",4,85,1,"tRF","Mitochondrial_Gly_3'-tRF"
"12637","tRF-20-BQ8BB2S1","LIF",4,59,1,"tRF","Mitochondrial_Gly_3'-tRF"
"14291","tRF-20-XOUZDZN1","SRSF10",31,74,1,"tRF","Mitochondrial_Trp_3'-tRF"
"14334","tRF-20-XOUZDZN1","SRSF2",31,76,1,"tRF","Mitochondrial_Trp_3'-tRF"
"14346","tRF-20-XOUZDZN1","BMPR2",31,81,1,"tRF","Mitochondrial_Trp_3'-tRF"
"14361","tRF-20-XOUZDZN1","SLC12A2",31,95,1,"tRF","Mitochondrial_Trp_3'-tRF"
"14367","tRF-20-XOUZDZN1","STAT1",31,70,1,"tRF","Mitochondrial_Trp_3'-tRF"
"14490","tRF-21-2FYOB015D","LIFR",5,54,1,"tRF","Mitochondrial_Gly_3'-tRF"
"14492","tRF-21-2FYOB015D","GPCPD1",5,97,1,"tRF","Mitochondrial_Gly_3'-tRF"
"14553","tRF-21-2FYOB015D","BMP2K",5,85,1,"tRF","Mitochondrial_Gly_3'-tRF"
"14582","tRF-21-2FYOB015D","NR1D2",5,90,1,"tRF","Mitochondrial_Gly_3'-tRF"
"14619","tRF-21-2FYOB015D","RORA",5,88,1,"tRF","Mitochondrial_Gly_3'-tRF"
"14674","tRF-21-2FYOB015D","CLOCK",5,91,1,"tRF","Mitochondrial_Gly_3'-tRF"
"14762","tRF-21-2FYOB015D","SRSF7",5,73,1,"tRF","Mitochondrial_Gly_3'-tRF"
"14849","tRF-21-2NBX7ZOOD","LHX8",7,63,1,"tRF","Mitochondrial_Gly_i-tRF"
"15005","tRF-21-2NBX7ZOOD","BCHE",7,40,1,"tRF","Mitochondrial_Gly_i-tRF"
"15021","tRF-21-2NBX7ZOOD","IL6",7,60,1,"tRF","Mitochondrial_Gly_i-tRF"
"16172","tRF-21-UF04QZ45D","RORA",26,88,1,"tRF","Mitochondrial_Ser_3'-tRF"
"16209","tRF-21-UF04QZ45D","IL6",26,60,1,"tRF","Mitochondrial_Ser_3'-tRF"
"16219","tRF-21-UF04QZ45D","SRSF8",26,77,1,"tRF","Mitochondrial_Ser_3'-tRF"
"16280","tRF-21-UF04QZ45D","STAT3",26,69,1,"tRF","Mitochondrial_Ser_3'-tRF"
"16356","tRF-21-UF04QZ45D","DYRK1A",26,96,1,"tRF","Mitochondrial_Ser_3'-tRF"
"17393","tRF-22-2NBX7ZOO2","LHX8",8,63,1,"tRF","Mitochondrial_Gly_i-tRF"
"17549","tRF-22-2NBX7ZOO2","BCHE",8,40,1,"tRF","Mitochondrial_Gly_i-tRF"
"17565","tRF-22-2NBX7ZOO2","IL6",8,60,1,"tRF","Mitochondrial_Gly_i-tRF"
"18109","tRF-22-7OFIZ9WUJ","RORA",25,88,1,"tRF","Mitochondrial_Pro_3'-tRF"
"18296","tRF-22-7OFIZ9WUJ","BMPR2",25,81,1,"tRF","Mitochondrial_Pro_3'-tRF"
"18390","tRF-22-7OFIZ9WUJ","SRSF12",25,71,1,"tRF","Mitochondrial_Pro_3'-tRF"
"18540","tRF-22-7OFIZ9WUJ","CHRNA7",25,50,1,"tRF","Mitochondrial_Pro_3'-tRF"
"18709","tRF-22-7OFIZ9WUJ","SRSF1",25,75,1,"tRF","Mitochondrial_Pro_3'-tRF"
"18744","tRF-22-7OFIZ9WUJ","SRSF2",25,76,1,"tRF","Mitochondrial_Pro_3'-tRF"
"21094","tRF-23-2IUIX1Q7DR","HNRNPH1",32,98,1,"tRF","Mitochondrial_Val_3'-tRF"
"21183","tRF-23-2IUIX1Q7DR","SLC12A2",32,95,1,"tRF","Mitochondrial_Val_3'-tRF"
"21192","tRF-23-2IUIX1Q7DR","LIFR",32,54,1,"tRF","Mitochondrial_Val_3'-tRF"
"21230","tRF-23-2IUIX1Q7DR","GBX2",32,65,1,"tRF","Mitochondrial_Val_3'-tRF"
"21282","tRF-23-2IUIX1Q7DR","LHX8",32,63,1,"tRF","Mitochondrial_Val_3'-tRF"
"21318","tRF-23-2IUIX1Q7DR","SRSF1",32,75,1,"tRF","Mitochondrial_Val_3'-tRF"
"21338","tRF-23-2IUIX1Q7DR","IL6ST",32,56,1,"tRF","Mitochondrial_Val_3'-tRF"
"21373","tRF-23-2IUIX1Q7DR","BCHE",32,40,1,"tRF","Mitochondrial_Val_3'-tRF"
"21409","tRF-23-2NBX7ZOODI","LHX8",9,63,1,"tRF","Mitochondrial_Gly_i-tRF"
"21565","tRF-23-2NBX7ZOODI","BCHE",9,40,1,"tRF","Mitochondrial_Gly_i-tRF"
"21581","tRF-23-2NBX7ZOODI","IL6",9,60,1,"tRF","Mitochondrial_Gly_i-tRF"
"23493","tRF-23-M2OSRNLNDJ","CHRNA2",36,51,1,"tRF","Nuclear_Asp_i-tRF"
"23497","tRF-23-M2OSRNLNDJ","NTRK2",36,53,1,"tRF","Nuclear_Asp_i-tRF"
"24944","tRF-24-2IUIX1Q7HV","HNRNPH1",33,98,1,"tRF","Mitochondrial_Val_3'-tRF"
"25033","tRF-24-2IUIX1Q7HV","SLC12A2",33,95,1,"tRF","Mitochondrial_Val_3'-tRF"
"25042","tRF-24-2IUIX1Q7HV","LIFR",33,54,1,"tRF","Mitochondrial_Val_3'-tRF"
"25080","tRF-24-2IUIX1Q7HV","GBX2",33,65,1,"tRF","Mitochondrial_Val_3'-tRF"
"25132","tRF-24-2IUIX1Q7HV","LHX8",33,63,1,"tRF","Mitochondrial_Val_3'-tRF"
"25168","tRF-24-2IUIX1Q7HV","SRSF1",33,75,1,"tRF","Mitochondrial_Val_3'-tRF"
"25188","tRF-24-2IUIX1Q7HV","IL6ST",33,56,1,"tRF","Mitochondrial_Val_3'-tRF"
"25223","tRF-24-2IUIX1Q7HV","BCHE",33,40,1,"tRF","Mitochondrial_Val_3'-tRF"
"25259","tRF-24-2NBX7ZOO1E","LHX8",10,63,1,"tRF","Mitochondrial_Gly_i-tRF"
"25415","tRF-24-2NBX7ZOO1E","BCHE",10,40,1,"tRF","Mitochondrial_Gly_i-tRF"
"25431","tRF-24-2NBX7ZOO1E","IL6",10,60,1,"tRF","Mitochondrial_Gly_i-tRF"
"25503","tRF-24-54RNZFS72V","CHRNB2",1,43,1,"tRF","Mitochondrial_Ala_3'-tRF"
"26098","tRF-24-690M0RHBFV","CHRNA4",22,47,1,"tRF","Mitochondrial_Phe_3'-tRF"
"27268","tRF-24-O1B54ZUPJR","CHRNA9",18,52,1,"tRF","Mitochondrial_Lys_3'-tRF"
"27924","tRF-24-RI2Q2RJOE1","IL6R",23,55,1,"tRF","Mitochondrial_Phe_3'-tRF"
"27945","tRF-24-RI2Q2RJOE1","CHRNB2",23,43,1,"tRF","Mitochondrial_Phe_3'-tRF"
"28714","tRF-24-RZDMKNR7EV","BMPR1B",3,83,1,"tRF","Mitochondrial_Asn_3'-tRF"
"28734","tRF-24-RZDMKNR7EV","GPCPD1",3,97,1,"tRF","Mitochondrial_Asn_3'-tRF"
"28738","tRF-24-RZDMKNR7EV","BMPR2",3,81,1,"tRF","Mitochondrial_Asn_3'-tRF"
"28749","tRF-24-RZDMKNR7EV","LHX8",3,63,1,"tRF","Mitochondrial_Asn_3'-tRF"
"28766","tRF-24-RZDMKNR7EV","DYRK1A",3,96,1,"tRF","Mitochondrial_Asn_3'-tRF"
"28825","tRF-24-SLDPUSYDKJ","IL6",11,60,1,"tRF","Mitochondrial_Gly_i-tRF"
"28864","tRF-24-SLDPUSYDKJ","BMP2",11,79,1,"tRF","Mitochondrial_Gly_i-tRF"
"28882","tRF-24-SLDPUSYDKJ","RORA",11,88,1,"tRF","Mitochondrial_Gly_i-tRF"
"28922","tRF-24-SLDPUSYDKJ","CHRNA5",11,42,1,"tRF","Mitochondrial_Gly_i-tRF"
"29058","tRF-24-SLDPUSYDKJ","NR1D2",11,90,1,"tRF","Mitochondrial_Gly_i-tRF"
"29265","tRF-24-SLDPUSYDKJ","SLC12A2",11,95,1,"tRF","Mitochondrial_Gly_i-tRF"
"29291","tRF-24-SLDPUSYDKJ","BMP4",11,86,1,"tRF","Mitochondrial_Gly_i-tRF"
"29389","tRF-24-SLDPUSYDKJ","BMPR1B",11,83,1,"tRF","Mitochondrial_Gly_i-tRF"
"29532","tRF-24-SLDPUSYDKJ","CLOCK",11,91,1,"tRF","Mitochondrial_Gly_i-tRF"
"29548","tRF-24-SLDPUSYDKJ","STAT3",11,69,1,"tRF","Mitochondrial_Gly_i-tRF"
"29844","tRF-24-SLDPUSYDKJ","BDNF",11,58,1,"tRF","Mitochondrial_Gly_i-tRF"
"30691","tRF-25-2NBX7ZOOJ9","LHX8",12,63,1,"tRF","Mitochondrial_Gly_i-tRF"
"30847","tRF-25-2NBX7ZOOJ9","BCHE",12,40,1,"tRF","Mitochondrial_Gly_i-tRF"
"30863","tRF-25-2NBX7ZOOJ9","IL6",12,60,1,"tRF","Mitochondrial_Gly_i-tRF"
"31277","tRF-25-5UB1ZZK0O5","GPCPD1",27,97,1,"tRF","Mitochondrial_Thr_3'-tRF"
"31455","tRF-25-5UB1ZZK0O5","RORA",27,88,1,"tRF","Mitochondrial_Thr_3'-tRF"
"31470","tRF-25-5UB1ZZK0O5","LIFR",27,54,1,"tRF","Mitochondrial_Thr_3'-tRF"
"31565","tRF-25-5UB1ZZK0O5","SLC5A7",27,38,1,"tRF","Mitochondrial_Thr_3'-tRF"
"31721","tRF-25-5UB1ZZK0O5","CLOCK",27,91,1,"tRF","Mitochondrial_Thr_3'-tRF"
"31766","tRF-25-5UB1ZZK0O5","BMPR2",27,81,1,"tRF","Mitochondrial_Thr_3'-tRF"
"31770","tRF-25-5UB1ZZK0O5","IL6R",27,55,1,"tRF","Mitochondrial_Thr_3'-tRF"
"31841","tRF-25-5UB1ZZK0O5","SRSF11",27,78,1,"tRF","Mitochondrial_Thr_3'-tRF"
"31884","tRF-25-5UB1ZZK0O5","STAT5A",27,67,1,"tRF","Mitochondrial_Thr_3'-tRF"
"32668","tRF-25-IBB7Z92K01","CLOCK",28,91,1,"tRF","Mitochondrial_Thr_3'-tRF"
"32755","tRF-25-IBB7Z92K01","RORA",28,88,1,"tRF","Mitochondrial_Thr_3'-tRF"
"32952","tRF-25-IBB7Z92K01","BMPR2",28,81,1,"tRF","Mitochondrial_Thr_3'-tRF"
"33249","tRF-25-IBB7Z92K01","BDNF",28,58,1,"tRF","Mitochondrial_Thr_3'-tRF"
"33308","tRF-25-IBB7Z92K01","NTRK2",28,53,1,"tRF","Mitochondrial_Thr_3'-tRF"
"33918","tRF-25-O1B54ZUPX1","CHRNA9",19,52,1,"tRF","Mitochondrial_Lys_3'-tRF"
"34111","tRF-25-RI2Q2RJO01","IL6R",24,55,1,"tRF","Mitochondrial_Phe_3'-tRF"
"34132","tRF-25-RI2Q2RJO01","CHRNB2",24,43,1,"tRF","Mitochondrial_Phe_3'-tRF"
"35466","tRF-26-5UB1ZZK0O5D","GPCPD1",29,97,1,"tRF","Mitochondrial_Thr_3'-tRF"
"35644","tRF-26-5UB1ZZK0O5D","RORA",29,88,1,"tRF","Mitochondrial_Thr_3'-tRF"
"35659","tRF-26-5UB1ZZK0O5D","LIFR",29,54,1,"tRF","Mitochondrial_Thr_3'-tRF"
"35754","tRF-26-5UB1ZZK0O5D","SLC5A7",29,38,1,"tRF","Mitochondrial_Thr_3'-tRF"
"35910","tRF-26-5UB1ZZK0O5D","CLOCK",29,91,1,"tRF","Mitochondrial_Thr_3'-tRF"
"35955","tRF-26-5UB1ZZK0O5D","BMPR2",29,81,1,"tRF","Mitochondrial_Thr_3'-tRF"
"35959","tRF-26-5UB1ZZK0O5D","IL6R",29,55,1,"tRF","Mitochondrial_Thr_3'-tRF"
"36030","tRF-26-5UB1ZZK0O5D","SRSF11",29,78,1,"tRF","Mitochondrial_Thr_3'-tRF"
"36073","tRF-26-5UB1ZZK0O5D","STAT5A",29,67,1,"tRF","Mitochondrial_Thr_3'-tRF"
"37728","tRF-26-NRDXEPZY0DB","CHRNA5",13,42,1,"tRF","Mitochondrial_Gly_i-tRF"
"37754","tRF-26-NRDXEPZY0DB","RORA",13,88,1,"tRF","Mitochondrial_Gly_i-tRF"
"37771","tRF-26-NRDXEPZY0DB","LIFR",13,54,1,"tRF","Mitochondrial_Gly_i-tRF"
"37882","tRF-26-NRDXEPZY0DB","CLOCK",13,91,1,"tRF","Mitochondrial_Gly_i-tRF"
"39969","tRF-27-NRDXEPZY0DI","CHRNA5",14,42,1,"tRF","Mitochondrial_Gly_i-tRF"
"39995","tRF-27-NRDXEPZY0DI","RORA",14,88,1,"tRF","Mitochondrial_Gly_i-tRF"
"40012","tRF-27-NRDXEPZY0DI","LIFR",14,54,1,"tRF","Mitochondrial_Gly_i-tRF"
"40123","tRF-27-NRDXEPZY0DI","CLOCK",14,91,1,"tRF","Mitochondrial_Gly_i-tRF"
"40576","tRF-28-5EOB3ZY61DV","NTRK2",30,53,1,"tRF","Mitochondrial_Thr_3'-tRF"
"40619","tRF-28-5EOB3ZY61DV","STAT1",30,70,1,"tRF","Mitochondrial_Thr_3'-tRF"
"40632","tRF-28-5EOB3ZY61DV","SLC5A7",30,38,1,"tRF","Mitochondrial_Thr_3'-tRF"
"40891","tRF-28-5Z2IUIX1Q7DR","SRSF2",34,76,1,"tRF","Mitochondrial_Val_3'-tRF"
"40921","tRF-28-5Z2IUIX1Q7DR","RORA",34,88,1,"tRF","Mitochondrial_Val_3'-tRF"
"41173","tRF-28-5Z2IUIX1Q7DR","IL6",34,60,1,"tRF","Mitochondrial_Val_3'-tRF"
"41257","tRF-28-5Z2IUIX1Q7DR","JAK2",34,66,1,"tRF","Mitochondrial_Val_3'-tRF"
"41276","tRF-28-5Z2IUIX1Q7DR","BMPR2",34,81,1,"tRF","Mitochondrial_Val_3'-tRF"
"41391","tRF-28-5Z2IUIX1Q7DR","SLC12A2",34,95,1,"tRF","Mitochondrial_Val_3'-tRF"
"41519","tRF-28-5Z2IUIX1Q7DR","SRSF1",34,75,1,"tRF","Mitochondrial_Val_3'-tRF"
"43236","tRF-28-NRDXEPZY0DDE","CHRNA5",15,42,1,"tRF","Mitochondrial_Gly_i-tRF"
"43262","tRF-28-NRDXEPZY0DDE","RORA",15,88,1,"tRF","Mitochondrial_Gly_i-tRF"
"43279","tRF-28-NRDXEPZY0DDE","LIFR",15,54,1,"tRF","Mitochondrial_Gly_i-tRF"
"43390","tRF-28-NRDXEPZY0DDE","CLOCK",15,91,1,"tRF","Mitochondrial_Gly_i-tRF"
"43776","tRF-28-UEVUUMHNU6V","SLC5A7",2,38,1,"tRF","Mitochondrial_Arg_3'-tRF"
"43863","tRF-28-UEVUUMHNU6V","SRSF10",2,74,1,"tRF","Mitochondrial_Arg_3'-tRF"
"43877","tRF-28-UEVUUMHNU6V","DYRK1A",2,96,1,"tRF","Mitochondrial_Arg_3'-tRF"
"43932","tRF-28-UEVUUMHNU6V","STAT5B",2,68,1,"tRF","Mitochondrial_Arg_3'-tRF"
"44021","tRF-28-UEVUUMHNU6V","RORB",2,94,1,"tRF","Mitochondrial_Arg_3'-tRF"
"44049","tRF-28-UEVUUMHNU6V","CHRNA9",2,52,1,"tRF","Mitochondrial_Arg_3'-tRF"
"44087","tRF-28-UEVUUMHNU6V","BMP6",2,87,1,"tRF","Mitochondrial_Arg_3'-tRF"
"44239","tRF-28-UEVUUMHNU6V","IL6",2,60,1,"tRF","Mitochondrial_Arg_3'-tRF"
"44285","tRF-28-UEVUUMHNU6V","SRSF11",2,78,1,"tRF","Mitochondrial_Arg_3'-tRF"
"44439","tRF-28-UEVUUMHNU6V","SLC12A2",2,95,1,"tRF","Mitochondrial_Arg_3'-tRF"
"44471","tRF-28-UEVUUMHNU6V","BMPER",2,80,1,"tRF","Mitochondrial_Arg_3'-tRF"
"44500","tRF-28-UEVUUMHNU6V","RORA",2,88,1,"tRF","Mitochondrial_Arg_3'-tRF"
"44567","tRF-28-UEVUUMHNU6V","LIFR",2,54,1,"tRF","Mitochondrial_Arg_3'-tRF"
"44613","tRF-28-UEVUUMHNU6V","NR1D2",2,90,1,"tRF","Mitochondrial_Arg_3'-tRF"
"1","SLC12A2","hsa-miR-8485",95,112,1,"Gene","miR"
"2","RORA","hsa-miR-8485",88,112,1,"Gene","miR"
"3","JAK2","hsa-miR-8485",66,112,1,"Gene","miR"
"4","LIFR","hsa-miR-8485",54,112,1,"Gene","miR"
"5","SLC5A7","hsa-miR-8485",38,112,1,"Gene","miR"
"6","BMP2","hsa-miR-8485",79,112,1,"Gene","miR"
"7","STAT5A","hsa-miR-8485",67,112,1,"Gene","miR"
"8","DYRK1A","hsa-miR-8485",96,112,1,"Gene","miR"
"9","BMPER","hsa-miR-8485",80,112,1,"Gene","miR"
"10","STAT5B","hsa-miR-8485",68,112,1,"Gene","miR"
"11","RORA","hsa-miR-92a-3p",88,113,1,"Gene","miR"
"12","CHRM5","hsa-miR-92a-3p",41,113,1,"Gene","miR"
"13","BMPR2","hsa-miR-92a-3p",81,113,1,"Gene","miR"
"14","RORA","hsa-miR-126-5p",88,99,1,"Gene","miR"
"15","SRSF12","hsa-miR-126-5p",71,99,1,"Gene","miR"
"16","CHRNA5","hsa-miR-126-5p",42,99,1,"Gene","miR"
"17","SLC12A2","hsa-miR-23b-3p",95,106,1,"Gene","miR"
"18","RORA","hsa-miR-23b-3p",88,106,1,"Gene","miR"
"19","NKX2-1","hsa-miR-23b-3p",61,106,1,"Gene","miR"
"20","IL6R","hsa-miR-23b-3p",55,106,1,"Gene","miR"
"21","STAT5B","hsa-miR-23b-3p",68,106,1,"Gene","miR"
"22","ARNTL2","hsa-miR-144-3p",89,100,1,"Gene","miR"
"23","SLC12A2","hsa-miR-144-3p",95,100,1,"Gene","miR"
"24","RORA","hsa-miR-144-3p",88,100,1,"Gene","miR"
"25","BMPR1A","hsa-miR-144-3p",82,100,1,"Gene","miR"
"26","LIFR","hsa-miR-144-3p",54,100,1,"Gene","miR"
"27","BMPR1B","hsa-miR-144-3p",83,100,1,"Gene","miR"
"28","NR1D2","hsa-miR-144-3p",90,100,1,"Gene","miR"
"29","COLQ","hsa-miR-484",39,111,1,"Gene","miR"
"30","IL6R","hsa-miR-4284",55,110,1,"Gene","miR"
"31","CHRNB2","hsa-miR-4284",43,110,1,"Gene","miR"
"32","RORA","hsa-miR-17-5p",88,101,1,"Gene","miR"
"33","LHX6","hsa-miR-17-5p",62,101,1,"Gene","miR"
"34","IL6ST","hsa-miR-17-5p",56,101,1,"Gene","miR"
"35","CLOCK","hsa-miR-17-5p",91,101,1,"Gene","miR"
"36","RORC","hsa-miR-17-5p",92,101,1,"Gene","miR"
"37","STAT3","hsa-miR-17-5p",69,101,1,"Gene","miR"
"38","NPAS2","hsa-miR-17-5p",93,101,1,"Gene","miR"
"39","CHRM2","hsa-miR-17-5p",44,101,1,"Gene","miR"
"40","BMPR2","hsa-miR-17-5p",81,101,1,"Gene","miR"
"41","RORA","hsa-miR-20a-5p",88,104,1,"Gene","miR"
"42","LHX6","hsa-miR-20a-5p",62,104,1,"Gene","miR"
"43","IL6ST","hsa-miR-20a-5p",56,104,1,"Gene","miR"
"44","CLOCK","hsa-miR-20a-5p",91,104,1,"Gene","miR"
"45","RORC","hsa-miR-20a-5p",92,104,1,"Gene","miR"
"46","STAT3","hsa-miR-20a-5p",69,104,1,"Gene","miR"
"47","NPAS2","hsa-miR-20a-5p",93,104,1,"Gene","miR"
"48","CHRM2","hsa-miR-20a-5p",44,104,1,"Gene","miR"
"49","BMPR2","hsa-miR-20a-5p",81,104,1,"Gene","miR"
"50","RORA","hsa-miR-19a-3p",88,102,1,"Gene","miR"
"51","CNTFR","hsa-miR-19a-3p",57,102,1,"Gene","miR"
"52","SRSF6","hsa-miR-19a-3p",72,102,1,"Gene","miR"
"53","GPCPD1","hsa-miR-19a-3p",97,102,1,"Gene","miR"
"54","CLOCK","hsa-miR-19a-3p",91,102,1,"Gene","miR"
"55","BMP3","hsa-miR-19a-3p",84,102,1,"Gene","miR"
"56","NPAS2","hsa-miR-19a-3p",93,102,1,"Gene","miR"
"57","BMPR2","hsa-miR-19a-3p",81,102,1,"Gene","miR"
"58","SLC12A2","hsa-miR-23a-3p",95,105,1,"Gene","miR"
"59","RORA","hsa-miR-23a-3p",88,105,1,"Gene","miR"
"60","NKX2-1","hsa-miR-23a-3p",61,105,1,"Gene","miR"
"61","IL6R","hsa-miR-23a-3p",55,105,1,"Gene","miR"
"62","STAT5B","hsa-miR-23a-3p",68,105,1,"Gene","miR"
"63","RORA","hsa-miR-30e-5p",88,108,1,"Gene","miR"
"64","LIFR","hsa-miR-30e-5p",54,108,1,"Gene","miR"
"65","SRSF7","hsa-miR-30e-5p",73,108,1,"Gene","miR"
"66","GPCPD1","hsa-miR-30e-5p",97,108,1,"Gene","miR"
"67","CLOCK","hsa-miR-30e-5p",91,108,1,"Gene","miR"
"68","LHX8","hsa-miR-30e-5p",63,108,1,"Gene","miR"
"69","SRSF10","hsa-miR-30e-5p",74,108,1,"Gene","miR"
"70","RORA","hsa-miR-19b-3p",88,103,1,"Gene","miR"
"71","CNTFR","hsa-miR-19b-3p",57,103,1,"Gene","miR"
"72","SRSF6","hsa-miR-19b-3p",72,103,1,"Gene","miR"
"73","GPCPD1","hsa-miR-19b-3p",97,103,1,"Gene","miR"
"74","CLOCK","hsa-miR-19b-3p",91,103,1,"Gene","miR"
"75","BMP3","hsa-miR-19b-3p",84,103,1,"Gene","miR"
"76","NPAS2","hsa-miR-19b-3p",93,103,1,"Gene","miR"
"77","BMPR2","hsa-miR-19b-3p",81,103,1,"Gene","miR"
"78","RORA","hsa-miR-32-5p",88,109,1,"Gene","miR"
"79","CHRM5","hsa-miR-32-5p",41,109,1,"Gene","miR"
"80","BMPR2","hsa-miR-32-5p",81,109,1,"Gene","miR"
"81","RORA","hsa-miR-30d-5p",88,107,1,"Gene","miR"
"82","LIFR","hsa-miR-30d-5p",54,107,1,"Gene","miR"
"83","SRSF7","hsa-miR-30d-5p",73,107,1,"Gene","miR"
"84","GPCPD1","hsa-miR-30d-5p",97,107,1,"Gene","miR"
"85","CLOCK","hsa-miR-30d-5p",91,107,1,"Gene","miR"
"86","LHX8","hsa-miR-30d-5p",63,107,1,"Gene","miR"
"87","SRSF10","hsa-miR-30d-5p",74,107,1,"Gene","miR"
"88","RORA","hsa-miR-93-5p",88,114,1,"Gene","miR"
"89","LHX6","hsa-miR-93-5p",62,114,1,"Gene","miR"
"90","IL6ST","hsa-miR-93-5p",56,114,1,"Gene","miR"
"91","CLOCK","hsa-miR-93-5p",91,114,1,"Gene","miR"
"92","RORC","hsa-miR-93-5p",92,114,1,"Gene","miR"
"93","STAT3","hsa-miR-93-5p",69,114,1,"Gene","miR"
"94","NPAS2","hsa-miR-93-5p",93,114,1,"Gene","miR"
"95","CHRM2","hsa-miR-93-5p",44,114,1,"Gene","miR"
"96","BMPR2","hsa-miR-93-5p",81,114,1,"Gene","miR"
