"","Mitochondrial_Ala_3'-tRF","Mitochondrial_Arg_3'-tRF","Mitochondrial_Asn_3'-tRF","Mitochondrial_Gly_3'-tRF","Mitochondrial_Gly_i-tRF","Mitochondrial_Leu_i-tRF","Mitochondrial_Lys_3'-tRF","Mitochondrial_Met_3'-tRF","Mitochondrial_Phe_3'-tRF","Mitochondrial_Pro_3'-tRF","Mitochondrial_Ser_3'-tRF","Mitochondrial_Thr_3'-tRF","Mitochondrial_Trp_3'-tRF","Mitochondrial_Val_3'-tRF","Nuclear_Arg_3'-tRF","Nuclear_Asp_i-tRF","Nuclear_Ser_3'-tRF"
"tRF-17-078SUXJ",0,0,0,0,0,0,0,1,0,0,0,0,0,0,0,0,0
"tRF-17-09Z51UJ",0,0,0,0,0,0,5,0,0,0,0,0,0,0,0,0,0
"tRF-17-7ZP33XJ",6,0,0,0,0,0,0,0,0,0,0,0,0,0,0,0,0
"tRF-17-P2PSSEK",0,0,0,0,0,1,0,0,0,0,0,0,0,0,0,0,0
"tRF-17-S7PVRSJ",0,0,0,0,0,0,0,0,0,0,0,0,0,0,3,0,0
"tRF-17-VNZDBQ5",0,0,0,0,7,0,0,0,0,0,0,0,0,0,0,0,0
"tRF-18-IRY7ZZDV",0,0,0,0,0,0,0,0,0,0,0,0,0,0,0,0,5
"tRF-19-0M0RHBFV",0,0,0,0,0,0,0,0,1,0,0,0,0,0,0,0,0
"tRF-20-BQ8BB2S1",0,0,0,5,0,0,0,0,0,0,0,0,0,0,0,0,0
"tRF-20-XOUZDZN1",0,0,0,0,0,0,0,0,0,0,0,0,5,0,0,0,0
"tRF-21-2FYOB015D",0,0,0,7,0,0,0,0,0,0,0,0,0,0,0,0,0
"tRF-21-2NBX7ZOOD",0,0,0,0,3,0,0,0,0,0,0,0,0,0,0,0,0
"tRF-21-UF04QZ45D",0,0,0,0,0,0,0,0,0,0,5,0,0,0,0,0,0
"tRF-22-2NBX7ZOO2",0,0,0,0,3,0,0,0,0,0,0,0,0,0,0,0,0
"tRF-22-7OFIZ9WUJ",0,0,0,0,0,0,0,0,0,6,0,0,0,0,0,0,0
"tRF-23-2IUIX1Q7DR",0,0,0,0,0,0,0,0,0,0,0,0,0,8,0,0,0
"tRF-23-2NBX7ZOODI",0,0,0,0,3,0,0,0,0,0,0,0,0,0,0,0,0
"tRF-23-M2OSRNLNDJ",0,0,0,0,0,0,0,0,0,0,0,0,0,0,0,2,0
"tRF-24-2IUIX1Q7HV",0,0,0,0,0,0,0,0,0,0,0,0,0,8,0,0,0
"tRF-24-2NBX7ZOO1E",0,0,0,0,3,0,0,0,0,0,0,0,0,0,0,0,0
"tRF-24-54RNZFS72V",1,0,0,0,0,0,0,0,0,0,0,0,0,0,0,0,0
"tRF-24-690M0RHBFV",0,0,0,0,0,0,0,0,1,0,0,0,0,0,0,0,0
"tRF-24-O1B54ZUPJR",0,0,0,0,0,0,1,0,0,0,0,0,0,0,0,0,0
"tRF-24-RI2Q2RJOE1",0,0,0,0,0,0,0,0,2,0,0,0,0,0,0,0,0
"tRF-24-RZDMKNR7EV",0,0,5,0,0,0,0,0,0,0,0,0,0,0,0,0,0
"tRF-24-SLDPUSYDKJ",0,0,0,0,11,0,0,0,0,0,0,0,0,0,0,0,0
"tRF-25-2NBX7ZOOJ9",0,0,0,0,3,0,0,0,0,0,0,0,0,0,0,0,0
"tRF-25-5UB1ZZK0O5",0,0,0,0,0,0,0,0,0,0,0,9,0,0,0,0,0
"tRF-25-IBB7Z92K01",0,0,0,0,0,0,0,0,0,0,0,5,0,0,0,0,0
"tRF-25-O1B54ZUPX1",0,0,0,0,0,0,1,0,0,0,0,0,0,0,0,0,0
"tRF-25-RI2Q2RJO01",0,0,0,0,0,0,0,0,2,0,0,0,0,0,0,0,0
"tRF-26-5UB1ZZK0O5D",0,0,0,0,0,0,0,0,0,0,0,9,0,0,0,0,0
"tRF-26-NRDXEPZY0DB",0,0,0,0,4,0,0,0,0,0,0,0,0,0,0,0,0
"tRF-27-NRDXEPZY0DI",0,0,0,0,4,0,0,0,0,0,0,0,0,0,0,0,0
"tRF-28-5EOB3ZY61DV",0,0,0,0,0,0,0,0,0,0,0,3,0,0,0,0,0
"tRF-28-5Z2IUIX1Q7DR",0,0,0,0,0,0,0,0,0,0,0,0,0,7,0,0,0
"tRF-28-NRDXEPZY0DDE",0,0,0,0,4,0,0,0,0,0,0,0,0,0,0,0,0
"tRF-28-UEVUUMHNU6V",0,14,0,0,0,0,0,0,0,0,0,0,0,0,0,0,0
